<?xml version="1.0" encoding="UTF-8"?><idempiere Name="AM Theme Pack" Version="1.1.0" idempiereVersion="" DataBaseVersion="" Description="" Author="" AuthorEmail="" CreatedDate="2022-02-25 21:15:30.802" UpdatedDate="2022-02-25 21:15:30.802" PackOutVersion="100" UpdateDictionary="false" Client="0-SYSTEM-System" AD_Client_UU="11237b53-9592-4af1-b3c5-afd216514b5d">
    <AD_Ref_List type="table">
        <AD_Client_ID>0</AD_Client_ID>
        <AD_Org_ID>0</AD_Org_ID>
        <Name>Grey</Name>
        <Description/>
        <AD_Reference_ID reference="uuid" reference-key="AD_Reference">d28791bc-fce2-484a-93f6-78d1fe17c2c7</AD_Reference_ID>
        <ValidFrom/>
        <ValidTo/>
        <Value>grey</Value>
        <AD_Org_ID reference="id">0</AD_Org_ID>
        <IsActive>Y</IsActive>
        <EntityType>AMTP</EntityType>
        <AD_Ref_List_UU>2ff08369-7f86-4c5b-ad82-2ce8d5072ed8</AD_Ref_List_UU>
        <AD_Ref_List_Trl type="translation">
            <Description/>
            <Name>Breeze</Name>
            <AD_Language>es_CO</AD_Language>
            <IsActive>Y</IsActive>
            <IsTranslated>N</IsTranslated>
        </AD_Ref_List_Trl>
    </AD_Ref_List>
    <AD_Ref_List type="table">
        <AD_Client_ID>0</AD_Client_ID>
        <AD_Org_ID>0</AD_Org_ID>
        <Name>Lightning Cloud</Name>
        <Description/>
        <AD_Reference_ID reference="uuid" reference-key="AD_Reference">d28791bc-fce2-484a-93f6-78d1fe17c2c7</AD_Reference_ID>
        <ValidFrom/>
        <ValidTo/>
        <Value>lightningcloud</Value>
        <AD_Org_ID reference="id">0</AD_Org_ID>
        <IsActive>Y</IsActive>
        <EntityType>AMTP</EntityType>
        <AD_Ref_List_UU>996c0082-8838-496e-bf2e-c48857e0358b</AD_Ref_List_UU>
        <AD_Ref_List_Trl type="translation">
            <Description/>
            <Name>Lightning Cloud</Name>
            <AD_Language>es_CO</AD_Language>
            <IsActive>Y</IsActive>
            <IsTranslated>N</IsTranslated>
        </AD_Ref_List_Trl>
    </AD_Ref_List>
    <AD_Ref_List type="table">
        <AD_Client_ID>0</AD_Client_ID>
        <AD_Org_ID>0</AD_Org_ID>
        <Name>Summer Midnight</Name>
        <Description/>
        <AD_Reference_ID reference="uuid" reference-key="AD_Reference">d28791bc-fce2-484a-93f6-78d1fe17c2c7</AD_Reference_ID>
        <ValidFrom/>
        <ValidTo/>
        <Value>summermidnight</Value>
        <AD_Org_ID reference="id">0</AD_Org_ID>
        <IsActive>Y</IsActive>
        <EntityType>AMTP</EntityType>
        <AD_Ref_List_UU>43b02cd8-9cd2-47f4-8cd7-412a4f3543a6</AD_Ref_List_UU>
        <AD_Ref_List_Trl type="translation">
            <Description/>
            <Name>Summer Midnight</Name>
            <AD_Language>es_CO</AD_Language>
            <IsActive>Y</IsActive>
            <IsTranslated>N</IsTranslated>
        </AD_Ref_List_Trl>
    </AD_Ref_List>
</idempiere>
