<?xml version="1.0" encoding="UTF-8"?><idempiere Name="AM Theme Pack" Version="1.0.0" idempiereVersion="" DataBaseVersion="" Description="" Author="" AuthorEmail="" CreatedDate="2022-01-26 21:08:37.425" UpdatedDate="2022-01-26 21:24:22.414" PackOutVersion="100" UpdateDictionary="false" Client="0-SYSTEM-System" AD_Client_UU="11237b53-9592-4af1-b3c5-afd216514b5d">
    <AD_EntityType type="table">
        <AD_Client_ID>0</AD_Client_ID>
        <AD_Org_ID>0</AD_Org_ID>
        <EntityType>AMTP</EntityType>
        <AD_Org_ID reference="id">0</AD_Org_ID>
        <IsActive>Y</IsActive>
        <Name>AM Theme Pack</Name>
        <Description>Anozi Mada - Theme Pack</Description>
        <Help/>
        <Version/>
        <ModelPackage/>
        <Classpath/>
        <Processing>N</Processing>
        <AD_EntityType_UU>a375b91f-2fdf-4057-9679-bf078019b2d6</AD_EntityType_UU>
    </AD_EntityType>
    <AD_Menu type="table">
        <SeqNo>14</SeqNo>
        <AD_Client_ID>0</AD_Client_ID>
        <AD_Org_ID>0</AD_Org_ID>
        <Name>Theme Pack</Name>
        <Description/>
        <Action/>
        <AD_Window_ID reference="id"/>
        <AD_Workflow_ID reference="id"/>
        <AD_Task_ID reference="id"/>
        <AD_Org_ID reference="id">0</AD_Org_ID>
        <IsActive>Y</IsActive>
        <IsSummary>Y</IsSummary>
        <AD_Process_ID reference="id"/>
        <IsSOTrx>Y</IsSOTrx>
        <AD_Form_ID reference="id"/>
        <IsReadOnly>N</IsReadOnly>
        <EntityType>AMTP</EntityType>
        <IsCentrallyMaintained>N</IsCentrallyMaintained>
        <AD_Menu_UU>f84c2eaa-56e1-4442-8f76-28c3c184e7bd</AD_Menu_UU>
        <AD_InfoWindow_ID reference="id"/>
        <PredefinedContextVariables/>
        <AD_Menu_Trl type="translation">
            <Description/>
            <Name>Theme Pack</Name>
            <AD_Language>es_CO</AD_Language>
            <IsActive>Y</IsActive>
            <IsTranslated>N</IsTranslated>
        </AD_Menu_Trl>
        <AD_Menu type="table">
            <Parent_ID reference="uuid" reference-key="AD_Menu">f84c2eaa-56e1-4442-8f76-28c3c184e7bd</Parent_ID>
            <SeqNo>0</SeqNo>
            <AD_Client_ID>0</AD_Client_ID>
            <AD_Org_ID>0</AD_Org_ID>
            <Name>Set Default Theme</Name>
            <Description/>
            <Action>P</Action>
            <AD_Window_ID reference="id"/>
            <AD_Workflow_ID reference="id"/>
            <AD_Task_ID reference="id"/>
            <AD_Org_ID reference="id">0</AD_Org_ID>
            <IsActive>Y</IsActive>
            <IsSummary>N</IsSummary>
            <AD_Process_ID reference="uuid" reference-key="AD_Process">c3a0f3de-172d-4a0d-aedc-4d21955f3387</AD_Process_ID>
            <IsSOTrx>Y</IsSOTrx>
            <AD_Form_ID reference="id"/>
            <IsReadOnly>N</IsReadOnly>
            <EntityType>AMTP</EntityType>
            <IsCentrallyMaintained>Y</IsCentrallyMaintained>
            <AD_Menu_UU>5a18b74b-bf3f-4021-900e-0aef625d2fea</AD_Menu_UU>
            <AD_InfoWindow_ID reference="id"/>
            <PredefinedContextVariables/>
            <AD_Menu_Trl type="translation">
                <Description/>
                <Name>Set Default Theme</Name>
                <AD_Language>es_CO</AD_Language>
                <IsActive>Y</IsActive>
                <IsTranslated>N</IsTranslated>
            </AD_Menu_Trl>
            <AD_Process type="table">
                <AD_Client_ID>0</AD_Client_ID>
                <AD_Org_ID>0</AD_Org_ID>
                <AD_Org_ID reference="id">0</AD_Org_ID>
                <IsActive>Y</IsActive>
                <Name>Set Default Theme</Name>
                <Description/>
                <Help>Set the default theme that will affect all of the users. 
User might need to clear the browser cookie to see the changes.
The browser will ask to reload the page after running this process.</Help>
                <ProcedureName/>
                <IsReport>N</IsReport>
                <Value>SetDefaultTheme</Value>
                <IsDirectPrint>N</IsDirectPrint>
                <AD_ReportView_ID reference="id"/>
                <Classname>com.anozimada.idempiere.themepack.utils.process.SetTheme</Classname>
                <AccessLevel>4</AccessLevel>
                <EntityType>AMTP</EntityType>
                <Statistic_Count>15</Statistic_Count>
                <Statistic_Seconds>20</Statistic_Seconds>
                <AD_PrintFormat_ID reference="id"/>
                <WorkflowValue/>
                <AD_Workflow_ID reference="id"/>
                <IsBetaFunctionality>N</IsBetaFunctionality>
                <ShowHelp>Y</ShowHelp>
                <JasperReport/>
                <AD_Form_ID reference="id"/>
                <CopyFromProcess>N</CopyFromProcess>
                <AD_Process_UU>c3a0f3de-172d-4a0d-aedc-4d21955f3387</AD_Process_UU>
                <AD_CtxHelp_ID reference="id"/>
                <ExecutionType/>
                <AllowMultipleExecution>P</AllowMultipleExecution>
                <AD_Process_Trl type="translation">
                    <Description/>
                    <Help/>
                    <Name>Set Default Theme</Name>
                    <AD_Language>es_CO</AD_Language>
                    <IsActive>Y</IsActive>
                    <IsTranslated>N</IsTranslated>
                </AD_Process_Trl>
                <AD_Reference type="table">
                    <AD_Client_ID>0</AD_Client_ID>
                    <AD_Org_ID>0</AD_Org_ID>
                    <Name>Theme Pack Themes</Name>
                    <Description/>
                    <Help/>
                    <ValidationType>L</ValidationType>
                    <AD_Org_ID reference="id">0</AD_Org_ID>
                    <IsActive>Y</IsActive>
                    <VFormat/>
                    <EntityType>AMTP</EntityType>
                    <IsOrderByValue>N</IsOrderByValue>
                    <AD_Reference_UU>d28791bc-fce2-484a-93f6-78d1fe17c2c7</AD_Reference_UU>
                    <AD_Element_ID reference="id"/>
                    <AD_Reference_Trl type="translation">
                        <Description/>
                        <Help/>
                        <Name>Theme Pack Themes</Name>
                        <AD_Language>es_CO</AD_Language>
                        <IsActive>Y</IsActive>
                        <IsTranslated>N</IsTranslated>
                    </AD_Reference_Trl>
                    <AD_Ref_List type="table">
                        <AD_Client_ID>0</AD_Client_ID>
                        <AD_Org_ID>0</AD_Org_ID>
                        <Name>Lite Green</Name>
                        <Description/>
                        <AD_Reference_ID reference="uuid" reference-key="AD_Reference">d28791bc-fce2-484a-93f6-78d1fe17c2c7</AD_Reference_ID>
                        <ValidFrom/>
                        <ValidTo/>
                        <Value>litegreen</Value>
                        <AD_Org_ID reference="id">0</AD_Org_ID>
                        <IsActive>Y</IsActive>
                        <EntityType>AMTP</EntityType>
                        <AD_Ref_List_UU>54f20c05-0d21-48b1-a27f-e69c4b4129f1</AD_Ref_List_UU>
                        <AD_Ref_List_Trl type="translation">
                            <Description/>
                            <Name>Lite Green</Name>
                            <AD_Language>es_CO</AD_Language>
                            <IsActive>Y</IsActive>
                            <IsTranslated>N</IsTranslated>
                        </AD_Ref_List_Trl>
                    </AD_Ref_List>
                    <AD_Ref_List type="table">
                        <AD_Client_ID>0</AD_Client_ID>
                        <AD_Org_ID>0</AD_Org_ID>
                        <Name>Dark Green</Name>
                        <Description/>
                        <AD_Reference_ID reference="uuid" reference-key="AD_Reference">d28791bc-fce2-484a-93f6-78d1fe17c2c7</AD_Reference_ID>
                        <ValidFrom/>
                        <ValidTo/>
                        <Value>darkgreen</Value>
                        <AD_Org_ID reference="id">0</AD_Org_ID>
                        <IsActive>Y</IsActive>
                        <EntityType>AMTP</EntityType>
                        <AD_Ref_List_UU>9cfda722-368b-4abc-97f1-b2baa9e5b875</AD_Ref_List_UU>
                        <AD_Ref_List_Trl type="translation">
                            <Description/>
                            <Name>Dark Green</Name>
                            <AD_Language>es_CO</AD_Language>
                            <IsActive>Y</IsActive>
                            <IsTranslated>N</IsTranslated>
                        </AD_Ref_List_Trl>
                    </AD_Ref_List>
                    <AD_Ref_List type="table">
                        <AD_Client_ID>0</AD_Client_ID>
                        <AD_Org_ID>0</AD_Org_ID>
                        <Name>Dark Blue</Name>
                        <Description/>
                        <AD_Reference_ID reference="uuid" reference-key="AD_Reference">d28791bc-fce2-484a-93f6-78d1fe17c2c7</AD_Reference_ID>
                        <ValidFrom/>
                        <ValidTo/>
                        <Value>darkblue</Value>
                        <AD_Org_ID reference="id">0</AD_Org_ID>
                        <IsActive>Y</IsActive>
                        <EntityType>AMTP</EntityType>
                        <AD_Ref_List_UU>55b305e7-8c18-4e94-8854-8a9c552413cd</AD_Ref_List_UU>
                        <AD_Ref_List_Trl type="translation">
                            <Description/>
                            <Name>Dark Blue</Name>
                            <AD_Language>es_CO</AD_Language>
                            <IsActive>Y</IsActive>
                            <IsTranslated>N</IsTranslated>
                        </AD_Ref_List_Trl>
                    </AD_Ref_List>
                    <AD_Ref_List type="table">
                        <AD_Client_ID>0</AD_Client_ID>
                        <AD_Org_ID>0</AD_Org_ID>
                        <Name>Lite Blue</Name>
                        <Description/>
                        <AD_Reference_ID reference="uuid" reference-key="AD_Reference">d28791bc-fce2-484a-93f6-78d1fe17c2c7</AD_Reference_ID>
                        <ValidFrom/>
                        <ValidTo/>
                        <Value>liteblue</Value>
                        <AD_Org_ID reference="id">0</AD_Org_ID>
                        <IsActive>Y</IsActive>
                        <EntityType>AMTP</EntityType>
                        <AD_Ref_List_UU>80cdbb94-1534-4481-99bd-2d3b56c61d12</AD_Ref_List_UU>
                        <AD_Ref_List_Trl type="translation">
                            <Description/>
                            <Name>Lite Blue</Name>
                            <AD_Language>es_CO</AD_Language>
                            <IsActive>Y</IsActive>
                            <IsTranslated>N</IsTranslated>
                        </AD_Ref_List_Trl>
                    </AD_Ref_List>
                    <AD_Ref_List type="table">
                        <AD_Client_ID>0</AD_Client_ID>
                        <AD_Org_ID>0</AD_Org_ID>
                        <Name>Dark Red</Name>
                        <Description/>
                        <AD_Reference_ID reference="uuid" reference-key="AD_Reference">d28791bc-fce2-484a-93f6-78d1fe17c2c7</AD_Reference_ID>
                        <ValidFrom/>
                        <ValidTo/>
                        <Value>darkred</Value>
                        <AD_Org_ID reference="id">0</AD_Org_ID>
                        <IsActive>Y</IsActive>
                        <EntityType>AMTP</EntityType>
                        <AD_Ref_List_UU>7fa57f03-edeb-4f34-95a2-287e91a8a06c</AD_Ref_List_UU>
                        <AD_Ref_List_Trl type="translation">
                            <Description/>
                            <Name>Dark Red</Name>
                            <AD_Language>es_CO</AD_Language>
                            <IsActive>Y</IsActive>
                            <IsTranslated>N</IsTranslated>
                        </AD_Ref_List_Trl>
                    </AD_Ref_List>
                    <AD_Ref_List type="table">
                        <AD_Client_ID>0</AD_Client_ID>
                        <AD_Org_ID>0</AD_Org_ID>
                        <Name>Lite Red</Name>
                        <Description/>
                        <AD_Reference_ID reference="uuid" reference-key="AD_Reference">d28791bc-fce2-484a-93f6-78d1fe17c2c7</AD_Reference_ID>
                        <ValidFrom/>
                        <ValidTo/>
                        <Value>litered</Value>
                        <AD_Org_ID reference="id">0</AD_Org_ID>
                        <IsActive>Y</IsActive>
                        <EntityType>AMTP</EntityType>
                        <AD_Ref_List_UU>2c92e705-c7ae-4235-bb4a-91cccae34196</AD_Ref_List_UU>
                        <AD_Ref_List_Trl type="translation">
                            <Description/>
                            <Name>Lite Red</Name>
                            <AD_Language>es_CO</AD_Language>
                            <IsActive>Y</IsActive>
                            <IsTranslated>N</IsTranslated>
                        </AD_Ref_List_Trl>
                    </AD_Ref_List>
                    <AD_Ref_List type="table">
                        <AD_Client_ID>0</AD_Client_ID>
                        <AD_Org_ID>0</AD_Org_ID>
                        <Name>Dark Yellow</Name>
                        <Description/>
                        <AD_Reference_ID reference="uuid" reference-key="AD_Reference">d28791bc-fce2-484a-93f6-78d1fe17c2c7</AD_Reference_ID>
                        <ValidFrom/>
                        <ValidTo/>
                        <Value>darkyellow</Value>
                        <AD_Org_ID reference="id">0</AD_Org_ID>
                        <IsActive>Y</IsActive>
                        <EntityType>AMTP</EntityType>
                        <AD_Ref_List_UU>1edfb3cb-44a6-4725-808e-68d7c9fb1548</AD_Ref_List_UU>
                        <AD_Ref_List_Trl type="translation">
                            <Description/>
                            <Name>Dark Yellow</Name>
                            <AD_Language>es_CO</AD_Language>
                            <IsActive>Y</IsActive>
                            <IsTranslated>N</IsTranslated>
                        </AD_Ref_List_Trl>
                    </AD_Ref_List>
                    <AD_Ref_List type="table">
                        <AD_Client_ID>0</AD_Client_ID>
                        <AD_Org_ID>0</AD_Org_ID>
                        <Name>Lite Yellow</Name>
                        <Description/>
                        <AD_Reference_ID reference="uuid" reference-key="AD_Reference">d28791bc-fce2-484a-93f6-78d1fe17c2c7</AD_Reference_ID>
                        <ValidFrom/>
                        <ValidTo/>
                        <Value>liteyellow</Value>
                        <AD_Org_ID reference="id">0</AD_Org_ID>
                        <IsActive>Y</IsActive>
                        <EntityType>AMTP</EntityType>
                        <AD_Ref_List_UU>8ebf197c-0e26-4a44-a393-446b3e17b69b</AD_Ref_List_UU>
                        <AD_Ref_List_Trl type="translation">
                            <Description/>
                            <Name>Lite Yellow</Name>
                            <AD_Language>es_CO</AD_Language>
                            <IsActive>Y</IsActive>
                            <IsTranslated>N</IsTranslated>
                        </AD_Ref_List_Trl>
                    </AD_Ref_List>
                    <AD_Ref_List type="table">
                        <AD_Client_ID>0</AD_Client_ID>
                        <AD_Org_ID>0</AD_Org_ID>
                        <Name>Dark Cyan</Name>
                        <Description/>
                        <AD_Reference_ID reference="uuid" reference-key="AD_Reference">d28791bc-fce2-484a-93f6-78d1fe17c2c7</AD_Reference_ID>
                        <ValidFrom/>
                        <ValidTo/>
                        <Value>darkcyan</Value>
                        <AD_Org_ID reference="id">0</AD_Org_ID>
                        <IsActive>Y</IsActive>
                        <EntityType>AMTP</EntityType>
                        <AD_Ref_List_UU>92a9561d-fc59-4bb9-b29b-954239f7a1d5</AD_Ref_List_UU>
                        <AD_Ref_List_Trl type="translation">
                            <Description/>
                            <Name>Dark Cyan</Name>
                            <AD_Language>es_CO</AD_Language>
                            <IsActive>Y</IsActive>
                            <IsTranslated>N</IsTranslated>
                        </AD_Ref_List_Trl>
                    </AD_Ref_List>
                    <AD_Ref_List type="table">
                        <AD_Client_ID>0</AD_Client_ID>
                        <AD_Org_ID>0</AD_Org_ID>
                        <Name>Lite Cyan</Name>
                        <Description/>
                        <AD_Reference_ID reference="uuid" reference-key="AD_Reference">d28791bc-fce2-484a-93f6-78d1fe17c2c7</AD_Reference_ID>
                        <ValidFrom/>
                        <ValidTo/>
                        <Value>litecyan</Value>
                        <AD_Org_ID reference="id">0</AD_Org_ID>
                        <IsActive>Y</IsActive>
                        <EntityType>AMTP</EntityType>
                        <AD_Ref_List_UU>2b4141fe-e8a3-4eea-bca1-eb5f45eabcf1</AD_Ref_List_UU>
                        <AD_Ref_List_Trl type="translation">
                            <Description/>
                            <Name>Lite Cyan</Name>
                            <AD_Language>es_CO</AD_Language>
                            <IsActive>Y</IsActive>
                            <IsTranslated>N</IsTranslated>
                        </AD_Ref_List_Trl>
                    </AD_Ref_List>
                    <AD_Ref_List type="table">
                        <AD_Client_ID>0</AD_Client_ID>
                        <AD_Org_ID>0</AD_Org_ID>
                        <Name>Dark Purple</Name>
                        <Description/>
                        <AD_Reference_ID reference="uuid" reference-key="AD_Reference">d28791bc-fce2-484a-93f6-78d1fe17c2c7</AD_Reference_ID>
                        <ValidFrom/>
                        <ValidTo/>
                        <Value>darkpurple</Value>
                        <AD_Org_ID reference="id">0</AD_Org_ID>
                        <IsActive>Y</IsActive>
                        <EntityType>AMTP</EntityType>
                        <AD_Ref_List_UU>18cc75db-cff5-4563-b8e6-dafdd8b40993</AD_Ref_List_UU>
                        <AD_Ref_List_Trl type="translation">
                            <Description/>
                            <Name>Dark Purple</Name>
                            <AD_Language>es_CO</AD_Language>
                            <IsActive>Y</IsActive>
                            <IsTranslated>N</IsTranslated>
                        </AD_Ref_List_Trl>
                    </AD_Ref_List>
                    <AD_Ref_List type="table">
                        <AD_Client_ID>0</AD_Client_ID>
                        <AD_Org_ID>0</AD_Org_ID>
                        <Name>Lite Purple</Name>
                        <Description/>
                        <AD_Reference_ID reference="uuid" reference-key="AD_Reference">d28791bc-fce2-484a-93f6-78d1fe17c2c7</AD_Reference_ID>
                        <ValidFrom/>
                        <ValidTo/>
                        <Value>litepurple</Value>
                        <AD_Org_ID reference="id">0</AD_Org_ID>
                        <IsActive>Y</IsActive>
                        <EntityType>AMTP</EntityType>
                        <AD_Ref_List_UU>995cd8ae-e298-4514-ab5f-f801d34d39a5</AD_Ref_List_UU>
                        <AD_Ref_List_Trl type="translation">
                            <Description/>
                            <Name>Lite Purple</Name>
                            <AD_Language>es_CO</AD_Language>
                            <IsActive>Y</IsActive>
                            <IsTranslated>N</IsTranslated>
                        </AD_Ref_List_Trl>
                    </AD_Ref_List>
                </AD_Reference>
                <AD_Process_Para type="table">
                    <AD_Client_ID>0</AD_Client_ID>
                    <AD_Org_ID>0</AD_Org_ID>
                    <AD_Org_ID reference="id">0</AD_Org_ID>
                    <IsActive>Y</IsActive>
                    <Name>Theme</Name>
                    <Description/>
                    <Help/>
                    <AD_Process_ID reference="uuid" reference-key="AD_Process">c3a0f3de-172d-4a0d-aedc-4d21955f3387</AD_Process_ID>
                    <SeqNo>10</SeqNo>
                    <AD_Reference_ID reference="id">17</AD_Reference_ID>
                    <AD_Reference_Value_ID reference="uuid" reference-key="AD_Reference">d28791bc-fce2-484a-93f6-78d1fe17c2c7</AD_Reference_Value_ID>
                    <IsRange>N</IsRange>
                    <AD_Val_Rule_ID reference="id"/>
                    <FieldLength>60</FieldLength>
                    <IsMandatory>Y</IsMandatory>
                    <DefaultValue/>
                    <VFormat/>
                    <ValueMin/>
                    <ValueMax/>
                    <ColumnName>Theme</ColumnName>
                    <DefaultValue2/>
                    <IsCentrallyMaintained>N</IsCentrallyMaintained>
                    <EntityType>AMTP</EntityType>
                    <AD_Element_ID reference="id"/>
                    <ReadOnlyLogic/>
                    <DisplayLogic/>
                    <AD_Process_Para_UU>583af476-960d-4d19-9159-1d7c848e6b8d</AD_Process_Para_UU>
                    <IsEncrypted>N</IsEncrypted>
                    <MandatoryLogic/>
                    <Query/>
                    <AD_FieldGroup_ID reference="id"/>
                    <Placeholder/>
                    <Placeholder2/>
                    <IsAutocomplete>N</IsAutocomplete>
                    <AD_Process_Para_Trl type="translation">
                        <Description/>
                        <Help/>
                        <Name>Theme</Name>
                        <Placeholder/>
                        <Placeholder2/>
                        <AD_Language>es_CO</AD_Language>
                        <IsActive>Y</IsActive>
                        <IsTranslated>N</IsTranslated>
                    </AD_Process_Para_Trl>
                </AD_Process_Para>
                <AD_Process_Para type="table">
                    <AD_Client_ID>0</AD_Client_ID>
                    <AD_Org_ID>0</AD_Org_ID>
                    <AD_Org_ID reference="id">0</AD_Org_ID>
                    <IsActive>Y</IsActive>
                    <Name>Default</Name>
                    <Description/>
                    <Help/>
                    <AD_Process_ID reference="uuid" reference-key="AD_Process">c3a0f3de-172d-4a0d-aedc-4d21955f3387</AD_Process_ID>
                    <SeqNo>20</SeqNo>
                    <AD_Reference_ID reference="id">20</AD_Reference_ID>
                    <AD_Reference_Value_ID reference="id"/>
                    <IsRange>N</IsRange>
                    <AD_Val_Rule_ID reference="id"/>
                    <FieldLength>1</FieldLength>
                    <IsMandatory>N</IsMandatory>
                    <DefaultValue>Y</DefaultValue>
                    <VFormat/>
                    <ValueMin/>
                    <ValueMax/>
                    <ColumnName>IsDefault</ColumnName>
                    <DefaultValue2/>
                    <IsCentrallyMaintained>N</IsCentrallyMaintained>
                    <EntityType>AMTP</EntityType>
                    <AD_Element_ID reference="id"/>
                    <ReadOnlyLogic/>
                    <DisplayLogic>1=0</DisplayLogic>
                    <AD_Process_Para_UU>7677f51a-d63d-4144-87b1-3aca7993fd09</AD_Process_Para_UU>
                    <IsEncrypted>N</IsEncrypted>
                    <MandatoryLogic/>
                    <Query/>
                    <AD_FieldGroup_ID reference="id"/>
                    <Placeholder/>
                    <Placeholder2/>
                    <IsAutocomplete>N</IsAutocomplete>
                    <AD_Process_Para_Trl type="translation">
                        <Description/>
                        <Help/>
                        <Name>Default</Name>
                        <Placeholder/>
                        <Placeholder2/>
                        <AD_Language>es_CO</AD_Language>
                        <IsActive>Y</IsActive>
                        <IsTranslated>N</IsTranslated>
                    </AD_Process_Para_Trl>
                </AD_Process_Para>
            </AD_Process>
        </AD_Menu>
        <AD_Menu type="table">
            <Parent_ID reference="uuid" reference-key="AD_Menu">f84c2eaa-56e1-4442-8f76-28c3c184e7bd</Parent_ID>
            <SeqNo>1</SeqNo>
            <AD_Client_ID>0</AD_Client_ID>
            <AD_Org_ID>0</AD_Org_ID>
            <Name>Switch Theme</Name>
            <Description/>
            <Action>P</Action>
            <AD_Window_ID reference="id"/>
            <AD_Workflow_ID reference="id"/>
            <AD_Task_ID reference="id"/>
            <AD_Org_ID reference="id">0</AD_Org_ID>
            <IsActive>Y</IsActive>
            <IsSummary>N</IsSummary>
            <AD_Process_ID reference="uuid" reference-key="AD_Process">f3c5c88e-ff6e-40bb-8cb2-a252c26709fe</AD_Process_ID>
            <IsSOTrx>Y</IsSOTrx>
            <AD_Form_ID reference="id"/>
            <IsReadOnly>N</IsReadOnly>
            <EntityType>AMTP</EntityType>
            <IsCentrallyMaintained>Y</IsCentrallyMaintained>
            <AD_Menu_UU>2e914df5-d9d9-48e7-b620-7cc52aba4b56</AD_Menu_UU>
            <AD_InfoWindow_ID reference="id"/>
            <PredefinedContextVariables/>
            <AD_Menu_Trl type="translation">
                <Description/>
                <Name>Switch Theme</Name>
                <AD_Language>es_CO</AD_Language>
                <IsActive>Y</IsActive>
                <IsTranslated>N</IsTranslated>
            </AD_Menu_Trl>
            <AD_Process type="table">
                <AD_Client_ID>0</AD_Client_ID>
                <AD_Org_ID>0</AD_Org_ID>
                <AD_Org_ID reference="id">0</AD_Org_ID>
                <IsActive>Y</IsActive>
                <Name>Switch Theme</Name>
                <Description/>
                <Help>Switch the existing theme. 
The browser will ask to reload the page after running this process.</Help>
                <ProcedureName/>
                <IsReport>N</IsReport>
                <Value>SwitchTheme</Value>
                <IsDirectPrint>N</IsDirectPrint>
                <AD_ReportView_ID reference="id"/>
                <Classname>com.anozimada.idempiere.themepack.utils.process.SetTheme</Classname>
                <AccessLevel>3</AccessLevel>
                <EntityType>AMTP</EntityType>
                <Statistic_Count>7</Statistic_Count>
                <Statistic_Seconds>7</Statistic_Seconds>
                <AD_PrintFormat_ID reference="id"/>
                <WorkflowValue/>
                <AD_Workflow_ID reference="id"/>
                <IsBetaFunctionality>N</IsBetaFunctionality>
                <ShowHelp>Y</ShowHelp>
                <JasperReport/>
                <AD_Form_ID reference="id"/>
                <CopyFromProcess>N</CopyFromProcess>
                <AD_Process_UU>f3c5c88e-ff6e-40bb-8cb2-a252c26709fe</AD_Process_UU>
                <AD_CtxHelp_ID reference="id"/>
                <ExecutionType/>
                <AllowMultipleExecution>P</AllowMultipleExecution>
                <AD_Process_Trl type="translation">
                    <Description/>
                    <Help/>
                    <Name>Switch Theme</Name>
                    <AD_Language>es_CO</AD_Language>
                    <IsActive>Y</IsActive>
                    <IsTranslated>N</IsTranslated>
                </AD_Process_Trl>
                <AD_Process_Para type="table">
                    <AD_Client_ID>0</AD_Client_ID>
                    <AD_Org_ID>0</AD_Org_ID>
                    <AD_Org_ID reference="id">0</AD_Org_ID>
                    <IsActive>Y</IsActive>
                    <Name>Theme</Name>
                    <Description/>
                    <Help/>
                    <AD_Process_ID reference="uuid" reference-key="AD_Process">f3c5c88e-ff6e-40bb-8cb2-a252c26709fe</AD_Process_ID>
                    <SeqNo>10</SeqNo>
                    <AD_Reference_ID reference="id">17</AD_Reference_ID>
                    <AD_Reference_Value_ID reference="uuid" reference-key="AD_Reference">d28791bc-fce2-484a-93f6-78d1fe17c2c7</AD_Reference_Value_ID>
                    <IsRange>N</IsRange>
                    <AD_Val_Rule_ID reference="id"/>
                    <FieldLength>60</FieldLength>
                    <IsMandatory>Y</IsMandatory>
                    <DefaultValue/>
                    <VFormat/>
                    <ValueMin/>
                    <ValueMax/>
                    <ColumnName>Theme</ColumnName>
                    <DefaultValue2/>
                    <IsCentrallyMaintained>N</IsCentrallyMaintained>
                    <EntityType>AMTP</EntityType>
                    <AD_Element_ID reference="id"/>
                    <ReadOnlyLogic/>
                    <DisplayLogic/>
                    <AD_Process_Para_UU>b674538a-59b8-4b7e-b4d4-b4e91259645f</AD_Process_Para_UU>
                    <IsEncrypted>N</IsEncrypted>
                    <MandatoryLogic/>
                    <Query/>
                    <AD_FieldGroup_ID reference="id"/>
                    <Placeholder/>
                    <Placeholder2/>
                    <IsAutocomplete>N</IsAutocomplete>
                    <AD_Process_Para_Trl type="translation">
                        <Description/>
                        <Help/>
                        <Name>Theme</Name>
                        <Placeholder/>
                        <Placeholder2/>
                        <AD_Language>es_CO</AD_Language>
                        <IsActive>Y</IsActive>
                        <IsTranslated>N</IsTranslated>
                    </AD_Process_Para_Trl>
                </AD_Process_Para>
            </AD_Process>
        </AD_Menu>
    </AD_Menu>
</idempiere>
